{"0.2065838696405291":{"user_id":1},"0.7826227420956411":{"user_id":2},"0.8883886424254519":{"user_id":1}}